"random_av","cooperate_av","defect_av","tit-for-tat_av","grofman_av","shubik_av"
"1.812175175519193","1.352764347277696","2.187358426490307","1.9402544910703965","2.0297679960748582","2.18772261292467"
