"random_av","cooperate_av","defect_av","tit-for-tat_av","grofman_av","shubik_av"
"1.7294117647058824","1","2.238578680203046","1.708994708994709","2.292307692307692","2.3369565217391304"
