"random_av","cooperate_av","defect_av","tit-for-tat_av","grofman_av","shubik_av"
"1.8217473676265237","1.3541179330976503","2.2129821149798743","1.9202040122407344","2.0516617432627435","2.2091501886792453"
