"random_av","cooperate_av","defect_av","tit-for-tat_av","grofman_av","shubik_av"
"1.8016212054885503","1.3517143760634853","2.172796564031214","1.945194957755388","2.029459704195593","2.17410868812738"
