"random_av","cooperate_av","defect_av","tit-for-tat_av","grofman_av","shubik_av"
"1.7967362115265442","1.3348751156336724","2.2064217772872983","1.9600124960949703","2.022907999368055","2.2191140967775795"
